Case,Type,Prefix,Range,Time_s
A,CPU,000,0-100000,0.421
A,GPU,000,0-100000,0.426846
B,CPU,0000,0-1000000,1.689
B,GPU,0000,0-1000000,0.299291
C,CPU,00000,0-5000000,126.402
C,GPU,00000,0-5000000,0.425996
D,CPU,0000,1000000-2000000,13.091
D,GPU,0000,1000000-2000000,0.423943
