Case,Type,mean,std
A,CPU,0.43499999999999994,0.020591260281973982
A,GPU,0.344631,0.060010181352833786
B,CPU,1.8530000000000002,0.06909052033383442
B,GPU,0.3023146,0.006316705889939815
C,CPU,127.42960000000001,1.2667443704236414
C,GPU,0.4435912,0.005133488501983811
D,CPU,13.252600000000001,0.12550019920302952
D,GPU,0.44322359999999994,0.005002164261597188
X,CPU,24.669,0.25367301787931607
X,GPU,68.41810000000001,0.972611602850797
